author,author_handle,text,date_published,likes,replies,retweets,bookmarks,views,url,extraction_status,error_message
Donald J. Trump,@realDonaldTrump,no text,2025-06-17T16:48:08.000Z,614562,86450,76323,18229,132400000,https://x.com/realDonaldTrump/status/1935016621569179804,success,
Donald J. Trump,@realDonaldTrump,no text,2025-06-17T16:47:52.000Z,530002,66687,71434,22910,101400000,https://x.com/realDonaldTrump/status/1935016557224050887,success,
Donald J. Trump,@realDonaldTrump,no text,2025-06-17T16:47:28.000Z,580496,55638,61383,21981,105100000,https://x.com/realDonaldTrump/status/1935016454644023767,success,
Donald J. Trump,@realDonaldTrump,President Trump Participates in the 250th Anniversary of the U.S. Army Grand Military Parade,2025-06-14T22:03:57.000Z,322967,36865,56142,16146,58600000,https://x.com/realDonaldTrump/status/1934008938334228752,success,
Donald J. Trump,@realDonaldTrump,President Donald J. Trump is Protecting American Steel,2025-06-02T23:52:36.000Z,184285,34486,29999,4556,36300000,https://x.com/realDonaldTrump/status/1929687626216280184,success,
Donald J. Trump,@realDonaldTrump,no text,2025-06-02T17:28:46.000Z,421623,41059,61561,10734,71200000,https://x.com/realDonaldTrump/status/1929591031139360976,success,
Donald J. Trump,@realDonaldTrump,no text,2025-05-31T12:54:08.000Z,462844,32108,65996,12741,36500000,https://x.com/realDonaldTrump/status/1928797140408533377,success,
Donald J. Trump,@realDonaldTrump,no text,2025-05-26T19:50:36.000Z,332505,24147,46885,8484,45800000,https://x.com/realDonaldTrump/status/1927090010353721796,success,
Donald J. Trump,@realDonaldTrump,President Trump Addresses the Army Academy’s Class of 2025,2025-05-24T14:18:32.000Z,123489,14235,22405,4571,46600000,https://x.com/realDonaldTrump/status/1926281665929691590,success,
Donald J. Trump,@realDonaldTrump,"“THE ONE, BIG, BEAUTIFUL BILL” has PASSED the House of Representatives! This is arguably the most significant piece of Legislation that will ever be signed in the History of our Country! The Bill includes MASSIVE Tax CUTS, No Tax on Tips, No Tax on Overtime, Tax Deductions when you purchase an American Made Vehicle, along with strong Border Security measures, Pay Raises for our ICE and Border Patrol Agents, Funding for the Golden Dome, “TRUMP Savings Accounts” for newborn babies, and much more! Great job by Speaker Mike Johnson, and the House Leadership, and thank you to every Republican who voted YES on this Historic Bill! Now, it’s time for our friends in the United States Senate to get to work, and send this Bill to my desk AS SOON AS POSSIBLE! There is no time to waste. The Democrats have lost control of themselves, and are aimlessly wandering around, showing no confidence, grit, or determination. They have forgotten their landslide loss in the Presidential Election, and are warped in the past, hoping someday to revive Open Borders for the World’s criminals to be able to pour into our Country, men to be able to play in women’s sports, and transgender for everybody. They don’t realize that these things, and so many more like them, will NEVER AGAIN happen!",2025-05-22T13:44:04.000Z,362380,43662,62088,16469,62200000,https://x.com/realDonaldTrump/status/1925548216243703820,success,
Donald J. Trump,@realDonaldTrump,no text,2025-05-21T14:47:03.000Z,563090,46247,77327,19974,90400000,https://x.com/realDonaldTrump/status/1925201677914603580,success,
Donald J. Trump,@realDonaldTrump,no text,2025-05-19T17:50:57.000Z,475628,40978,71785,19290,65700000,https://x.com/realDonaldTrump/status/1924523182909747657/photo/1,success,
Donald J. Trump,@realDonaldTrump,no text,2025-05-17T17:31:12.000Z,196023,14619,28999,10178,41700000,https://x.com/realDonaldTrump/status/1923793436068487574,success,
Donald J. Trump,@realDonaldTrump,no text,2025-05-17T17:29:44.000Z,329777,15752,47282,14275,57500000,https://x.com/realDonaldTrump/status/1923793069138178293,success,
Donald J. Trump,@realDonaldTrump,no text,2025-05-17T17:27:58.000Z,335567,13119,50590,20033,52400000,https://x.com/realDonaldTrump/status/1923792625028497464,success,
Donald J. Trump,@realDonaldTrump,"THE SUPREME COURT IS BEING PLAYED BY THE RADICAL LEFT LOSERS, WHO HAVE NO SUPPORT, THE PUBLIC HATES THEM, AND THEIR ONLY HOPE IS THE INTIMIDATION OF THE COURT, ITSELF. WE CAN’T LET THAT HAPPEN TO OUR COUNTRY!",2025-05-16T17:37:33.000Z,328368,34092,56424,7508,54500000,https://x.com/realDonaldTrump/status/1923432648103333919,success,
Donald J. Trump,@realDonaldTrump,"Republicans MUST UNITE behind, “THE ONE, BIG BEAUTIFUL BILL!” Not only does it cut Taxes for ALL Americans, but it will kick millions of Illegal Aliens off of Medicaid to PROTECT it for those who are the ones in real need. The Country will suffer greatly without this Legislation, with their Taxes going up 65%. It will be blamed on the Democrats, but that doesn’t help our Voters. We don’t need “GRANDSTANDERS” in the Republican Party. STOP TALKING, AND GET IT DONE! It is time to fix the MESS that Biden and the Democrats gave us. Thank you for your attention to this matter!",2025-05-16T17:16:46.000Z,240327,19940,44627,5032,38800000,https://x.com/realDonaldTrump/status/1923427418913616200,success,
Donald J. Trump,@realDonaldTrump,President Trump Participates in a U.S.-Saudi Investment Forum,2025-05-13T17:47:15.000Z,147517,16121,30207,6910,35200000,https://x.com/realDonaldTrump/status/1922347924987474196,success,
Donald J. Trump,@realDonaldTrump,no text,2025-05-12T12:54:40.000Z,456870,28482,59868,11017,71100000,https://x.com/realdonaldtrump/status/1921911904429088892,success,
Donald J. Trump,@realDonaldTrump,no text,2025-05-12T12:54:25.000Z,284116,27529,42779,6676,54200000,https://x.com/realdonaldtrump/status/1921911844026954234,success,
Donald J. Trump,@realDonaldTrump,no text,2025-05-11T22:52:27.000Z,357250,17418,46283,6605,50600000,https://x.com/realdonaldtrump/status/1921699954696855934,success,
Donald J. Trump,@realDonaldTrump,no text,2025-05-10T12:03:09.000Z,1014644,124292,159451,26421,135100000,https://x.com/realdonaldtrump/status/1921174163848401313,success,
Donald J. Trump,@realDonaldTrump,"Today, I signed an Executive Order to launch the first-ever self-deportation program. Illegal aliens who stay in America face punishments, including—sudden deportation, in a place and manner solely of our discretion. TO ALL ILLEGAL ALIENS: BOOK YOUR FREE FLIGHT RIGHT NOW!",2025-05-10T01:04:06.000Z,483584,31235,81285,25858,74200000,https://x.com/realdonaldtrump/status/1921008311492624867,success,
Donald J. Trump,@realDonaldTrump,no text,2025-05-09T02:40:11.000Z,291372,13960,35865,9857,51400000,https://x.com/realdonaldtrump/status/1920670100987740317,success,
Donald J. Trump,@realDonaldTrump,"President Trump Makes a Trade Announcement, May 8, 2025",2025-05-08T16:40:16.000Z,98219,8855,18924,3711,33299999,https://x.com/realdonaldtrump/status/1920519130941170088,success,
Donald J. Trump,@realDonaldTrump,no text,2025-05-07T02:38:22.000Z,215436,17848,30104,5516,40300000,https://x.com/realdonaldtrump/status/1919944872020127980,success,
Donald J. Trump,@realDonaldTrump,President Trump Delivers a Sports Announcement,2025-05-05T17:41:13.000Z,61842,8105,12295,1482,22300000,https://x.com/realdonaldtrump/status/1919447302982299811,success,
Donald J. Trump,@realDonaldTrump,"This was so wonderful, 9 years ago today!",2016-05-05T18:57:30.000Z,370649,17461,33202,11009,71400000,https://x.com/realdonaldtrump/status/1919420490663288913,success,
Donald J. Trump,@realDonaldTrump,no text,2025-05-05T14:28:01.000Z,154546,6287,26115,4641,33600000,https://x.com/realdonaldtrump/status/1919398681423299068,success,
Donald J. Trump,@realDonaldTrump,no text,2025-05-05T14:23:22.000Z,128856,5031,22495,3339,22600000,https://x.com/realdonaldtrump/status/1919397513032790522,success,
Donald J. Trump,@realDonaldTrump,"The Democrats are really out of control. They have lost everything, especially their minds! These Radical Left Lunatics are into the “Impeachment thing” again. They have already got two “No Name,” little respected Congressmen, total Whackjobs both, throwing the “Impeachment” of DONALD J. TRUMP around, for about the 20th time, even though they have no idea for what I would be Impeached. Maybe it should be for cleaning up the MESS that they left us on the Border, or the Highest Inflation in our Country’s History or, perhaps, it should be the incompetent Withdrawal from Afghanistan, or Russia, Russia, Russia/Ukraine, Ukraine, Ukraine, or the Attack of Israel on October 7th that only proceeded because they allowed Iran to regain Great Wealth. These Congressmen stated that, they didn’t know why they would Impeach me but, “We just want to do it.” The Republicans should start to think about expelling them from Congress for all of the crimes that they have committed, especially around Election time(s). These are very dishonest people that won’t let our Country heal! Why do we allow them to continuously use Impeachment as a weapon against the President of the United States who, by all accounts, is working hard to SAVE OUR COUNTRY. It’s the same playbook that they used in my First Term, and Republicans are not going to allow them to get away with it again. These are total LOWLIFES, who hate our Country, and everything it stands for. Perhaps we should start playing this game on them, and expel Democrats for the many crimes that they have committed — And these are REAL crimes. Remember, “Shifty” Adam Schiff demanded a Pardon, and they had to use the power of the Auto Pen, and a Full Pardon, for him and the Unselect Committee of Political Thugs, to save them from Expulsion, and probably worse!",2025-05-05T14:21:01.000Z,212678,18560,38495,7015,37200000,https://x.com/realdonaldtrump/status/1919396921593958754,success,
Donald J. Trump,@realDonaldTrump,"REBUILD, AND OPEN ALCATRAZ! For too long, America has been plagued by vicious, violent, and repeat Criminal Offenders, the dregs of society, who will never contribute anything other than Misery and Suffering. When we were a more serious Nation, in times past, we did not hesitate to lock up the most dangerous criminals, and keep them far away from anyone they could harm. That’s the way it’s supposed to be. No longer will we tolerate these Serial Offenders who spread filth, bloodshed, and mayhem on our streets. That is why, today, I am directing the Bureau of Prisons, together with the Department of Justice, FBI, and Homeland Security, to reopen a substantially enlarged and rebuilt ALCATRAZ, to house America’s most ruthless and violent Offenders. We will no longer be held hostage to criminals, thugs, and Judges that are afraid to do their job and allow us to remove criminals, who came into our Country illegally. The reopening of ALCATRAZ will serve as a symbol of Law, Order, and JUSTICE. We will, MAKE AMERICA GREAT AGAIN!",2025-05-05T14:17:15.000Z,252744,24627,45468,8567,35000000,https://x.com/realdonaldtrump/status/1919395973802897676,success,
Donald J. Trump,@realDonaldTrump,no text,2025-05-05T14:16:22.000Z,236510,17467,29681,4904,40400000,https://x.com/realdonaldtrump/status/1919395751030923738,success,
Donald J. Trump,@realDonaldTrump,"""The Tide of Change is Sweeping the Country"" –President Trump",2025-05-02T02:07:46.000Z,175813,15950,33996,7386,24100000,https://x.com/realdonaldtrump/status/1918125229420732456,success,
Donald J. Trump,@realDonaldTrump,no text,2025-05-02T02:07:30.000Z,176230,9704,40594,5400,27500000,https://x.com/realdonaldtrump/status/1918125161058058627,success,
Donald J. Trump,@realDonaldTrump,"Join me tomorrow, April 29th—in Warren, Michigan at 6:00PM Eastern!",2025-04-28T14:28:08.000Z,112475,18696,22264,2016,35600000,https://x.com/realdonaldtrump/status/1916861996021989540,success,
John Rich,@johnrich,A conversation about online child predators with Homeland Security and John Rich: PLS Repost!,2025-04-23T23:44:37.000Z,24856,5174,12066,2470,7600000,https://x.com/realdonaldtrump/status/1915190100058923202,success,
Donald J. Trump,@realDonaldTrump,"Sleepy Joe Biden, THE WORST PRESIDENT IN THE HISTORY OF THE UNITED STATES, has allowed millions and millions of Criminals, many of them murderers, drug dealers, and people released from prisons and mental institutions from all around the world, to enter our Country through it’s very dangerous and ill conceived Open Border. Sorry, but it’s my job to get these killers and thugs out of here. THAT’S WHAT I GOT ELECTED TO DO. MAGA!",2025-04-18T22:30:07.000Z,384418,59310,60658,11347,76700000,https://x.com/realdonaldtrump/status/1913359413215142354,success,
Donald J. Trump,@realDonaldTrump,no text,2025-02-06T16:45:43.000Z,404710,26730,76904,7726,48600000,https://x.com/realdonaldtrump/status/1887543203953275347,success,
Donald J. Trump,@realDonaldTrump,"This is the hand of the man that the Democrats feel should be brought back to the United States, because he is such “a fine and innocent person.” They said he is not a member of MS-13, even though he’s got MS-13 tattooed onto his knuckles, and two Highly Respected Courts found that he was a member of MS-13, beat up his wife, etc. I was elected to take bad people out of the United States, among other things. I must be allowed to do my job. MAKE AMERICA GREAT AGAIN!",2025-04-18T22:27:57.000Z,486103,40763,86170,18355,80800000,https://x.com/realdonaldtrump/status/1913358867708493982,success,
Donald J. Trump,@realDonaldTrump,no text,2025-04-16T13:44:57.000Z,151555,19234,24777,10685,41600000,https://x.com/realdonaldtrump/status/1912502477359894605,success,
Donald J. Trump,@realDonaldTrump,"The United States has a chance to do something that should have been done DECADES AGO. Don’t be Weak! Don’t be Stupid! Don’t be a PANICAN (A new party based on Weak and Stupid people!). Be Strong, Courageous, and Patient, and GREATNESS will be the result!",2025-04-07T14:56:03.000Z,497865,67994,81548,15988,94600000,https://x.com/realdonaldtrump/status/1909258878035828788,success,
Donald J. Trump,@realDonaldTrump,"Oil prices are down, interest rates are down (the slow moving Fed should cut rates!), food prices are down, there is NO INFLATION, and the long time abused USA is bringing in Billions of Dollars a week from the abusing countries on Tariffs that are already in place. This is despite the fact that the biggest abuser of them all, China, whose markets are crashing, just raised its Tariffs by 34%, on top of its long term ridiculously high Tariffs (Plus!), not acknowledging my warning for abusing countries not to retaliate. They’ve made enough, for decades, taking advantage of the Good OL’ USA! Our past “leaders” are to blame for allowing this, and so much else, to happen to our Country. MAKE AMERICA GREAT AGAIN!",2025-04-07T14:55:39.000Z,496146,54813,77168,21422,108800000,https://x.com/realdonaldtrump/status/1909258777380974625,success,
Donald J. Trump,@realDonaldTrump,"These Houthis gathered for instructions on an attack. Oops, there will be no attack by these Houthis! 

They will never sink our ships again!",2025-04-04T23:27:15.000Z,471453,72434,83392,40489,142200000,https://x.com/realdonaldtrump/status/1908300360810479821,success,
Donald J. Trump,@realDonaldTrump,"LIBERATION DAY, APRIL 2, 2025 ",2025-04-03T13:08:29.000Z,179658,26684,33442,6738,39500000,https://x.com/realdonaldtrump/status/1907782254572470670,success,
Donald J. Trump,@realDonaldTrump,President Trump Participates in the Make America Wealthy Again Event,2025-04-02T20:07:22.000Z,117969,13949,25015,4828,41200000,https://x.com/realdonaldtrump/status/1907525286150754745,success,
Donald J. Trump,@realDonaldTrump,no text,2025-04-02T13:42:29.000Z,373124,38284,50940,6293,78700000,https://x.com/realdonaldtrump/status/1907428426648023398,success,
Donald J. Trump,@realDonaldTrump,no text,2025-02-06T22:52:11.000Z,441210,18469,58720,5901,51100000,https://x.com/realdonaldtrump/status/1887635430385885279,success,
Donald J. Trump,@realDonaldTrump,"The Iran-backed Houthi Terrorists have been decimated by the relentless strikes over the past two weeks. Many of their Fighters and Leaders are no longer with us. We hit them every day and night — Harder and harder. Their capabilities that threaten Shipping and the Region are rapidly being destroyed. Our attacks will continue until they are no longer a threat to Freedom of Navigation. The choice for the Houthis is clear: Stop shooting at U.S. ships, and we will stop shooting at you. Otherwise, we have only just begun, and the real pain is yet to come, for both the Houthis and their sponsors in Iran.",2025-03-31T18:49:47.000Z,262732,24071,41710,6718,66000000,https://x.com/realdonaldtrump/status/1906780985888522694,success,
Donald J. Trump,@realDonaldTrump,"There will never have been a transformation of a Country like the transformation that is happening, for all to see, in the United States of America. Companies are pouring into our Country at levels never seen before, with Jobs (and Money!) to follow. It is a beautiful thing to watch!",2025-03-31T18:49:06.000Z,361506,36271,54457,8811,74700000,https://x.com/realdonaldtrump/status/1906780813204836475,success,
,@realdonaldtrump,no text,,0,0,0,0,0,https://x.com/realdonaldtrump/status/1906780560141250562,success,
Donald J. Trump,@realDonaldTrump,"Thank you President Bukele, of El Salvador, for taking the criminals that were so stupidly allowed, by the Crooked Joe Biden Administration, to enter our Country, and giving them such a wonderful place to live!",2025-03-31T13:42:52.000Z,351995,13050,58485,9236,64700000,https://x.com/realdonaldtrump/status/1906772680805646368,success,
Donald J. Trump,@realDonaldTrump,"America First Patriot Randy Fine is running to represent the Wonderful People of Florida’s 6th Congressional District! A highly successful, Harvard educated businessman, and greatly respected State Legislator, Randy has been a tremendous Voice for MAGA. In Congress, Randy will be an incredible fighter, who will work tirelessly with me to Strengthen our Economy, Lower Taxes, Secure the Border, Champion our Military/Vets, Ensure American Energy DOMINANCE, Protect our always under siege Second Amendment, and Advance PEACE THROUGH STRENGTH.
 
Randy Fine has my Complete and Total Endorsement! Election Day is this Tuesday, April 1st. GET OUT AND VOTE FOR RANDY — HE WILL NOT LET YOU DOWN! https://swampthevoteusa.com/fl-06/",2025-03-31T13:30:28.000Z,103063,9961,21893,1512,64200000,https://x.com/realdonaldtrump/status/1906700623615078744,success,
Donald J. Trump,@realDonaldTrump,"Jimmy Patronis, Chief Financial Officer and Fire Marshall for the Great State of Florida, is running an incredible Campaign for Congress in Florida’s 1st Congressional District! A fourth generation Floridian from the beautiful Panhandle, and owner of an iconic seafood restaurant, Jimmy has been a wonderful friend to me, and to MAGA. As your next Congressman, Jimmy will fight hard alongside of me to Grow our Economy, Cut Taxes, Secure our Border, Stop Migrant Crime, Strengthen our Brave Military/Vets, Restore American Energy DOMINANCE, and Defend our always under siege Second Amendment.
 
Florida, Election Day is this Tuesday, April 1st. GET OUT AND VOTE FOR JIMMY PATRONIS. Jimmy has my Complete and Total Endorsement — HE WILL NEVER LET YOU DOWN! https://swampthevoteusa.com/fl-01/",2025-03-31T13:30:06.000Z,90738,3236,19074,989,29000000,https://x.com/realdonaldtrump/status/1906700533240680783,success,
Donald J. Trump,@realDonaldTrump,no text,2025-03-28T18:31:34.000Z,303141,25864,57404,24966,68600000,https://x.com/realdonaldtrump/status/1905689237749727368,success,
Donald J. Trump,@realDonaldTrump,"FIGHT, FIGHT, FIGHT!!!",2025-03-25T02:40:12.000Z,260809,24793,50149,11958,23900000,https://x.com/realdonaldtrump/status/1904362652987429338,success,
Donald J. Trump,@realDonaldTrump,no text,2025-02-07T17:27:06.000Z,321683,18091,55438,4503,60800000,https://x.com/realdonaldtrump/status/1887916006523166886,success,
Mike Davis,@mrddmia,"Newly Filed Motion To Disqualify Radical Obama Judge Beryl Howell From Trump Case

Read More: https://cdn.prod.website-files.com/65a5dbf7ffda034a47a316a2/67ddbfb4f6e170fa00b1b4ef_DQ_Motion.pdf…",2025-03-21T19:40:34.000Z,38918,3254,10554,614,3900000,https://x.com/realdonaldtrump/status/1903169887318819153,success,
Donald J. Trump,@realDonaldTrump,President Trump Participates in an Education Event and Signs an Executive Order,2025-03-20T20:23:52.000Z,103164,11198,20941,2669,30400000,https://x.com/realdonaldtrump/status/1902818394946277485,success,
Donald J. Trump,@realDonaldTrump,"Elon Musk: “As a function of the great policies of President Trump and his administration, and as an act of faith in America, Tesla is going to DOUBLE vehicle output in the United States within the next two years…”",2025-03-12T01:44:49.000Z,322145,45392,47174,7512,45900000,https://x.com/realdonaldtrump/status/1899637674241048800,success,
Donald J. Trump,@realDonaldTrump,"Number one, it's a great product, as good as it gets—and number two, because 
@ElonMusk
 has devoted his energy and his life to doing this and I think he has been treated very unfairly…",2025-03-12T01:41:44.000Z,387824,31235,51076,9434,56000000,https://x.com/realdonaldtrump/status/1899636898533867969,success,
Dan Scavino,@Scavino47,"President Trump, 
@Elon
, and X leave the Oval Office and head over to the South Portico of the 
@WhiteHouse
 where Elon helped 
@POTUS
 choose his new 
@Tesla
…",2025-03-11T21:28:03.000Z,58788,5619,9792,1619,7300000,https://x.com/realdonaldtrump/status/1899573054474461464,success,
Donald J. Trump,@realDonaldTrump,no text,2025-03-07T03:28:16.000Z,243161,31089,43706,11412,37300000,https://x.com/realdonaldtrump/status/1897851767817216426,success,
America,@america,"America is Back. Thank you, 
@realDonaldTrump
!",2025-03-05T14:21:44.000Z,48328,9746,9984,1780,6400000,https://x.com/realdonaldtrump/status/1897291442982437353,success,
Donald J. Trump,@realDonaldTrump,"President Trump Addresses Joint Session of Congress, March 4, 2025",2025-03-05T02:20:15.000Z,184555,25705,34291,9662,41000000,https://x.com/realdonaldtrump/status/1897109875856920752,success,
Donald J. Trump,@realDonaldTrump,no text,2025-02-28T20:08:06.000Z,772133,129288,107506,27617,108300000,https://x.com/realdonaldtrump/status/1895566669281636846,success,
Donald J. Trump,@realDonaldTrump,President Trump Holds a Press Conference with Prime Minister Keir Starmer of the United Kingdom,2025-02-27T20:32:25.000Z,93751,15491,17504,3075,35100000,https://x.com/realdonaldtrump/status/1895210401891262760,success,
Donald J. Trump,@realDonaldTrump,"President Trump Hosts First Cabinet Meeting, Feb. 26, 2025",2025-02-26T21:31:55.000Z,117330,33503,23900,5094,35300000,https://x.com/realdonaldtrump/status/1894862986138808530,success,
Donald J. Trump,@realDonaldTrump,no text,2025-02-24T20:45:03.000Z,304875,56030,50361,9341,58400000,https://x.com/realdonaldtrump/status/1894126415932526802,success,
,@realdonaldtrump,no text,,0,0,0,0,0,https://x.com/realdonaldtrump/status/1894113204319424674,success,
Donald J. Trump,@realDonaldTrump,no text,2025-02-20T02:14:31.000Z,299998,46246,45659,4500,57600000,https://x.com/realdonaldtrump/status/1892397388595093561,success,
Donald J. Trump,@realDonaldTrump,President Trump Participates in the FII PRIORITY Summit,2025-02-19T22:42:43.000Z,103274,11780,19299,3570,32100000,https://x.com/realdonaldtrump/status/1892344088172646484,success,
Donald J. Trump,@realDonaldTrump,no text,2025-02-19T15:59:32.000Z,626805,87094,127226,37464,113700000,https://x.com/realdonaldtrump/status/1892242622623699357,success,
Donald J. Trump,@realDonaldTrump,no text,2025-02-19T00:44:13.000Z,478151,41425,76038,9611,58300000,https://x.com/realdonaldtrump/status/1892012275789135905,success,
Donald J. Trump,@realDonaldTrump,no text,2025-02-19T00:43:25.000Z,198344,15297,29924,6323,43700000,https://x.com/realdonaldtrump/status/1892012075603382664,success,
Donald J. Trump,@realDonaldTrump,"On Trade, I have decided, for purposes of Fairness, that I will charge a RECIPROCAL Tariff meaning, whatever Countries charge the United States of America, we will charge them - No more, no less!

For purposes of this United States Policy, we will consider Countries that use the VAT System, which is far more punitive than a Tariff, to be similar to that of a Tariff. Sending merchandise, product, or anything by any other name through another Country, for purposes of unfairly harming America, will not be accepted. In addition, we will make provision for subsidies provided by Countries in order to take Economic advantage of the United States. Likewise, provisions will be made for Nonmonetary Tariffs and Trade Barriers that some Countries charge in order to keep our product out of their domain or, if they do not even let U.S. businesses operate. We are able to accurately determine the cost of these Nonmonetary Trade Barriers. It is fair to all, no other Country can complain and, in some cases, if a Country feels that the United States would be getting too high a Tariff, all they have to do is reduce or terminate their Tariff against us. There are no Tariffs if you manufacture or build your product in the United States.

For many years, the U.S. has been treated unfairly by other Countries, both friend and foe. This System will immediately bring Fairness and Prosperity back into the previously complex and unfair System of Trade. America has helped many Countries throughout the years, at great financial cost. It is now time that these Countries remember this, and treat us fairly – A LEVEL PLAYING FIELD FOR AMERICAN WORKERS. I have instructed my Secretary of State, Secretary of Commerce, Secretary of the Treasury, and United States Trade Representative (USTR) to do all work necessary to deliver RECIPROCITY to our System of Trade!",2025-02-17T19:35:50.000Z,431814,33873,74137,22093,75900000,https://x.com/realdonaldtrump/status/1891572283161944433,success,
Donald J. Trump,@realDonaldTrump,no text,2025-02-17T19:34:32.000Z,550371,21150,53778,8655,59900000,https://x.com/realdonaldtrump/status/1891571953682481498,success,
Donald J. Trump,@realDonaldTrump,no text,2025-02-07T17:27:20.000Z,427888,33828,49196,9020,76900000,https://x.com/realdonaldtrump/status/1887916067491574108,success,
Donald J. Trump,@realDonaldTrump,He who saves his Country does not violate any Law.,2025-02-15T18:32:31.000Z,721609,72915,130693,25910,242900000,https://x.com/realdonaldtrump/status/1890831570535055759,success,
Donald J. Trump,@realDonaldTrump,"WELCOME HOME, MARC!",2025-02-12T04:19:57.000Z,420998,23715,49703,9807,52400000,https://x.com/realdonaldtrump/status/1889529852757201368,success,
Donald J. Trump,@realDonaldTrump,no text,2025-02-11T15:14:56.000Z,269503,18649,45780,4348,40000000,https://x.com/realdonaldtrump/status/1889332296919998557,success,
Donald J. Trump,@realDonaldTrump,no text,2025-02-11T15:15:30.000Z,408650,39513,77078,5299,43100000,https://x.com/realdonaldtrump/status/1889332439241085203,success,
Donald J. Trump,@realDonaldTrump,no text,2025-02-09T23:03:50.000Z,397894,30242,52593,14684,41500000,https://x.com/realdonaldtrump/status/1888725523393904876,success,
Donald J. Trump,@realDonaldTrump,no text,2025-02-09T22:18:37.000Z,352265,16821,60238,26098,44700000,https://x.com/realdonaldtrump/status/1888714144435851295,success,
Donald J. Trump,@realDonaldTrump,no text,2025-02-17T19:34:13.000Z,413673,16439,40647,5800,42300000,https://x.com/realdonaldtrump/status/1891571874498232512,success,
Donald J. Trump,@realDonaldTrump,no text,2025-03-21T22:39:57.000Z,308597,43800,70439,9740,50900000,https://x.com/realdonaldtrump/status/1903215026682380513,success,
Donald J. Trump,@realDonaldTrump,"REPUBLICANS MUST DEFUND AND TOTALLY DISASSOCIATE THEMSELVES FROM NPR & PBS, THE RADICAL LEFT “MONSTERS” THAT SO BADLY HURT OUR COUNTRY!",2025-04-01T20:53:05.000Z,259042,21990,42041,4238,66300000,https://x.com/realdonaldtrump/status/1907174400144589035,success,
Donald J. Trump,@realDonaldTrump,"Following my Day One Executive Order, the Office of Personnel Management will be issuing new Civil Service Regulations for career government employees. Moving forward, career government employees, working on policy matters, will be classified as “Schedule Policy/Career,” and will be held to the highest standards of conduct and performance. If these government workers refuse to advance the policy interests of the President, or are engaging in corrupt behavior, they should no longer have a job. This is common sense, and will allow the federal government to finally be “run like a business.” We must root out corruption and implement accountability in our Federal Workforce!",2025-04-18T22:28:37.000Z,200258,17510,36324,5635,49600000,https://x.com/realdonaldtrump/status/1913359035132158083,success,
Donald J. Trump,@realDonaldTrump,no text,2025-02-06T16:45:30.000Z,307770,44421,49931,17841,65500000,https://x.com/realdonaldtrump/status/1887543148781461806,success,
Donald J. Trump,@realDonaldTrump,no text,2025-02-04T19:14:15.000Z,441937,14836,36976,4372,59200000,https://x.com/realdonaldtrump/status/1886855810451485180,success,
Donald J. Trump,@realDonaldTrump,no text,2025-02-03T16:45:58.000Z,591547,29323,71213,17476,75200000,https://x.com/realdonaldtrump/status/1886456105372459141,success,
Donald J. Trump,@realDonaldTrump,no text,2025-02-01T22:44:15.000Z,396399,43518,58321,12143,77400000,https://x.com/realdonaldtrump/status/1885821495080825305,success,
Donald J. Trump,@realDonaldTrump,"This morning I ordered precision Military air strikes on the Senior ISIS Attack Planner and other terrorists he recruited and led in Somalia. These killers, who we found hiding in caves, threatened the United States and our Allies. The strikes destroyed the caves they live in, and killed many terrorists without, in any way, harming civilians. Our Military has targeted this ISIS Attack Planner for years, but Biden and his cronies wouldn’t act quickly enough to get the job done. I did! The message to ISIS and all others who would attack Americans is that “WE WILL FIND YOU, AND WE WILL KILL YOU!”",2025-02-01T17:20:50.000Z,762121,42339,111599,26105,166400000,https://x.com/realdonaldtrump/status/1885740103223648412,success,
Donald J. Trump,@realDonaldTrump,no text,2025-02-01T17:20:43.000Z,286935,12381,43639,4310,37600000,https://x.com/realdonaldtrump/status/1885740072705650821,success,
Donald J. Trump,@realDonaldTrump,no text,2025-02-01T17:20:17.000Z,282294,6788,23486,2503,52100000,https://x.com/realdonaldtrump/status/1885739966350667907,success,
Donald J. Trump,@realDonaldTrump,"It is so good to have the Venezuela Hostages back home and, very important to note, that Venezuela has agreed to receive, back into their Country, all Venezuela illegal aliens who were encamped in the U.S., including gang members of Tren de Aragua. Venezuela has further agreed to supply the transportation back. We are in the process of removing record numbers of illegal aliens from all Countries, and all Countries have agreed to accept these illegal aliens back. Furthermore, record numbers of criminals are being removed from our Country, and the Border numbers are the strongest they have been since the First Term of the Trump Administration!",2025-02-01T17:19:46.000Z,319897,10896,43857,5521,53400000,https://x.com/realdonaldtrump/status/1885739833399619760,success,
Donald J. Trump,@realDonaldTrump,Just been informed that we are bringing six hostages home from Venezuela. Thank you to Ric Grenell and my entire staff. Great job!,2025-02-01T00:29:37.000Z,481831,12710,49910,5021,70600000,https://x.com/realdonaldtrump/status/1885485623735124467,success,
Donald J. Trump,@realDonaldTrump,"Photo of beautiful water flow that I just opened in California. Today, 1.6 billion gallons and, in 3 days, it will be 5.2 billion gallons. Everybody should be happy about this long fought Victory! I only wish they listened to me six years ago – There would have been no fire!",2025-01-31T23:39:34.000Z,536764,27253,78186,13063,67200000,https://x.com/realdonaldtrump/status/1885473025476145386,success,
Donald J. Trump,@realDonaldTrump,no text,2025-01-31T15:14:36.000Z,196301,11051,31109,4809,63900000,https://x.com/realdonaldtrump/status/1885345948047462910,success,
Donald J. Trump,@realDonaldTrump,no text,2025-01-31T15:11:48.000Z,180896,12966,31379,7654,35900000,https://x.com/realdonaldtrump/status/1885345244167745561,success,
Nicole Shanahan,@NicoleShanahan,"Proud of you, Bobby, for taking the lead—and of every American who has every reason to give up but refuses to stop fighting. We WILL win.",2025-01-29T18:39:03.000Z,201776,5586,24711,1246,6200000,https://x.com/realdonaldtrump/status/1884672621138100423,success,
,@realdonaldtrump,no text,,0,0,0,0,0,https://x.com/realdonaldtrump/status/1884308797239554429,success,
,@realdonaldtrump,no text,,0,0,0,0,0,https://x.com/realdonaldtrump/status/1884308740792541440,success,
Donald J. Trump,@realDonaldTrump,no text,2025-01-26T02:12:42.000Z,326705,27498,49062,6267,47900000,https://x.com/realdonaldtrump/status/1883337238198829126,success,
Donald J. Trump,@realDonaldTrump,THE GOLDEN AGE OF AMERICA BEGINS RIGHT NOW!,2025-01-25T17:33:42.000Z,511131,39057,75271,21159,54700000,https://x.com/realdonaldtrump/status/1883206626787881080,success,
Donald J. Trump,@realDonaldTrump,MAKE AMERICA GREAT AGAIN!,2025-01-25T16:50:55.000Z,577391,22810,56218,8596,41300000,https://x.com/realdonaldtrump/status/1883195857237062111,success,
Donald J. Trump,@realDonaldTrump,Happy 20th Anniversary to Melania!,2025-01-22T20:01:23.000Z,1373663,59455,93113,16420,103300000,https://x.com/realdonaldtrump/status/1882156626028929186,success,
Donald J. Trump,@realDonaldTrump,Donald J. Trump Attends the Presidential Parade,2025-01-20T19:13:14.000Z,426295,22955,55741,11576,82100000,https://x.com/realdonaldtrump/status/1881419736648499257,success,
,@realdonaldtrump,no text,,0,0,0,0,0,https://x.com/realdonaldtrump/status/1881413479933899232,success,
Donald J. Trump,@realDonaldTrump,The 60th Presidential Inauguration Ceremony,2025-01-20T16:07:16.000Z,714738,42303,122378,28241,80700000,https://x.com/realdonaldtrump/status/1881372933710589978,success,
,@realdonaldtrump,no text,,0,0,0,0,0,https://x.com/realdonaldtrump/status/1881359202951839834,success,
